z_km,T_K,M_cm3,O2_model_cm3,N2_model_cm3,CO2_model_cm3,O3_socrates_reference_vmr,O3_socrates_reference_cm3,msis_mass_density_kg_m3,msis_N2_native_cm3,msis_O2_native_cm3,msis_O_native_cm3,msis_He_native_cm3,msis_H_native_cm3,msis_Ar_native_cm3,msis_N_native_cm3,msis_anomalous_O_native_cm3
0,283.86483764648438,2.5719328316280975e+19,5.4010589464190044e+18,2.006107608669916e+19,10416327968093794,3.8000000000000003e-08,977334476018.67712,1.2360014915466309,2.0089486585391624e+19,5.389406513182505e+18,nan,134814920593800.95,nan,2.4030040278625552e+17,nan,0
1,280.53671264648438,2.306104283260851e+19,4.842818994847787e+18,1.7987613409434638e+19,9339722347206446,3.9508742173077455e-08,911112795515.82544,1.1082515716552734,1.8013087637731246e+19,4.83237075884945e+18,nan,120880783346716.64,nan,2.154635552444655e+17,nan,0
2,275.06118774414062,2.0802230369147986e+19,4.3684683775210767e+18,1.6225739687935429e+19,8424903299504934,4.1077387055229194e-08,854501268485.53503,0.99969899654388428,1.6248718824842174e+19,4.3590434468191278e+18,nan,109040600024034.05,nan,1.9435905688665952e+17,nan,0
3,268.12628173828125,1.8821639427192467e+19,3.9525442797104179e+18,1.4680878753210124e+19,7622763968012949,4.2708313008125261e-08,803840467982.6073,0.90451717376708984,1.4701669950963974e+19,3.9440167812033879e+18,nan,98658791332247.5,nan,1.7585403623377181e+17,nan,0
4,260.37548828125,1.7035133857908054e+19,3.5773781101606912e+18,1.3287404409168282e+19,6899229212452762,4.4403992823292403e-08,756427961570.37463,0.81866252422332764,1.3306222184491039e+19,3.5696599981234074e+18,nan,89294329963316.5,nan,1.5916238096364554e+17,nan,0
5,252.36296081542969,1.5386992907090018e+19,3.2312685104889037e+18,1.2001854467530215e+19,6231732127371457,4.6166997471332669e-08,710371262633.03857,0.73945742845535278,1.2018851585702961e+19,3.2242971732716554e+18,nan,80655141648438.656,nan,1.4376349297375525e+17,nan,0
6,244.53794860839844,1.3843195763481643e+19,2.9070711103311447e+18,1.0797692695515683e+19,5606494284210065,4.8e-08,664473396647.1189,0.66526663303375244,1.0812984466840054e+19,2.9007992165243965e+18,nan,72562907591821.234,nan,1.2933951720960035e+17,nan,0
7,237.25048828125,1.2385755865608612e+19,2.6010087317778084e+18,9.6608895751747174e+18,5016231125571488,5.0881838921978297e-08,630210034880.84521,0.595225989818573,9.6745713264471798e+18,2.5953972274830705e+18,nan,64923338074312.672,nan,1.1572238834028666e+17,nan,0
8,230.76901245117188,1.1007940044532101e+19,2.3116674093517409e+18,8.5861932347350395e+18,4458215718035500.5,5.3936698585044649e-08,593731944224.1709,0.52901184558868408,8.5983531130810726e+18,2.3066800302260383e+18,nan,57701138772661.367,nan,1.0284920008621902e+17,nan,0
9,225.30294799804688,9.7102506343889879e+18,2.0391526332216873e+18,7.5739954948234107e+18,3932651506927540,5.7174966862240289e-08,555183258245.23816,0.46664845943450928,7.5847218200533023e+18,2.0347532611861601e+18,nan,50898944116727.477,nan,90724654205408448,nan,0
10,221.02700805664062,8.4970127437965353e+18,1.7843726761972723e+18,6.6276699401612974e+18,3441290161237596.5,6.0607655296957392e-08,514984019429.87451,0.40834352374076843,6.6370560838331167e+18,1.7805229725508685e+18,nan,44539426036275.742,nan,79389147986512432,nan,0
11,218.01986694335938,7.3765718523196088e+18,1.5490800889871178e+18,5.7537260448092948e+18,2987511600189441.5,6.4246436547053488e-08,473918455444.83258,0.35449814796447754,5.7618745226075638e+18,1.5457380021274642e+18,nan,38666327501905.594,nan,68920661257078912,nan,0
12,216.04261779785156,6.3636475751158405e+18,1.3363659907743265e+18,4.9636451085903555e+18,2577277267921915.5,8.006756748912986e-08,509521781697.62512,0.30581972002983093,4.9706746460813353e+18,1.3334828472863345e+18,nan,33356805642584.586,nan,59456724942528520,nan,0
13,214.81790161132812,5.4650265436367022e+18,1.1476555741637074e+18,4.262720704036628e+18,2213335750172864.2,1.0390482898099904e-07,567842648393.19189,0.26263442635536194,4.2687575873326131e+18,1.1451795646458179e+18,nan,28646436256541.047,nan,51060745222014992,nan,0
14,214.09921264648438,4.6793146658137876e+18,9.8265607982089536e+17,3.6498654393347543e+18,1895122439654584,1.3483878459322936e-07,630953102267.60437,0.22487525641918182,3.6550344120002964e+18,9.8053603271968486e+17,nan,24527911989496.773,nan,43719693181816368,nan,0
15,213.6563720703125,3.9999688391195049e+18,8.3999345621509594e+17,3.119975694513214e+18,1619987379843399.5,1.7498222179745058e-07,699923434589.70007,0.19222770631313324,3.124394219054463e+18,8.3818121166617549e+17,nan,20966934675734.922,nan,37372441464190328,nan,0
16,213.30906677246094,3.4169203603759821e+18,7.1755327567895616e+17,2.6651978810932659e+18,1383852745952272.8,2.4158534800155202e-07,825477894355.02014,0.16420796513557434,2.6689723544514371e+18,7.1600518307426547e+17,nan,17910725558098.984,nan,31924912124720924,nan,0
17,213.04798889160156,2.9171631732621189e+18,6.1260426638504499e+17,2.2753872751444529e+18,1181451085171158,3.8539692526659744e-07,1124265717476.1711,0.14019098877906799,2.2786097062381875e+18,6.1128258462225216e+17,nan,15291111617131.971,nan,27255591290062264,nan,0
18,212.90608215332031,2.4888539578927068e+18,5.2265933115746842e+17,1.9413060871563113e+18,1007985852946546.2,6.1481704595757638e-07,1530189838211.4163,0.11960760504007339,1.9440553763769367e+18,5.2153171674267226e+17,nan,13046011127794.762,nan,23253818761970408,nan,0
19,212.91630554199219,2.1219116554016233e+18,4.4560144763434086e+17,1.6550910912132662e+18,859374220437657.38,9.8080699460308339e-07,2081185793547.7197,0.10197334736585617,1.6574350551064084e+18,4.446400669511159e+17,nan,11122582660768.07,nan,19825410761438156,nan,0
20,213.11216735839844,1.8077195498819761e+18,3.7962110547521498e+17,1.4100212489079414e+18,732126417702200.25,1.5646644265759533e-06,2828474472926.2227,0.086874127388000488,1.4120181307978959e+18,3.7880208811377466e+17,nan,9475658278382.8613,nan,16889855312027104,nan,0
21,213.52033996582031,1.538941986687296e+18,3.2317781720433216e+17,1.2003747496160909e+18,623271504608354.88,2.1011759394458497e-06,3233587874630.3413,0.073957398533821106,1.2020747276886909e+18,3.224805755770375e+17,nan,8066786959504.1787,nan,14378616634607924,nan,0
22,214.13728332519531,1.3094200212260634e+18,2.7497820445747328e+17,1.0213476165563295e+18,530315108596555.62,2.6208852725262884e-06,3431839649182.4492,0.062927193939685822,1.0227940646280396e+18,2.743849418028881e+17,nan,6863684293961.4492,nan,12234151110841798,nan,0
23,214.95263671875,1.1137559056775049e+18,2.3388874019227603e+17,8.6872960642845389e+17,451071141799389.44,3.2691406192081082e-06,3641024671133.2456,0.053524099290370941,8.699599076735945e+17,2.3338413476651008e+17,nan,5838057098792.9268,nan,10406025180301616,nan,0
24,215.95681762695312,9.4719380377279078e+17,1.9891069879228605e+17,7.3881116694277683e+17,383613490527980.25,4.0777368243421256e-06,3862407053432.9985,0.04551958292722702,7.3985747167991834e+17,1.9848156191356192e+17,nan,4964976146862.0469,nan,8849805203163834,nan,0
25,217.14083862304688,8.055714342675991e+17,1.6917000119619581e+17,6.283457187287273e+17,326256430878377.62,5.0863329374383398e-06,4097404519574.7339,0.038713585585355759,6.2923559006161382e+17,1.6880502011141002e+17,nan,4222623828938.8501,nan,7526601470746202,nan,0
26,218.49618530273438,6.8526567505376666e+17,1.4390579176129099e+17,5.3450722654193798e+17,277532598396775.47,5.644288905465887e-06,3867837447002.5669,0.032932020723819733,5.3526420081284141e+17,1.4359531955646998e+17,nan,3592008005798.8545,nan,6402562676449589,nan,0
27,220.014404296875,5.8313989103552218e+17,1.2245937711745965e+17,4.5484911500770733e+17,236171655869386.47,6.1826026679013798e-06,3605322246075.9395,0.028024131432175636,4.554932736787175e+17,1.2219517789752565e+17,nan,3056687680071.9258,nan,5448382771598788,nan,0
28,221.68736267089844,4.9648913544769459e+17,1.0426271844401586e+17,3.8726152564920179e+17,201078099856316.31,6.7722571238557514e-06,3362352084452.6328,0.02385992743074894,3.8780997191565901e+17,1.0403777208547613e+17,nan,2602484099562.0781,nan,4638788962459880,nan,0
29,223.50657653808594,4.2299008814311283e+17,88827918510053696,3.2993226875162803e+17,171310985697960.69,7.4181487983575626e-06,3137803414075.9922,0.020327761769294739,3.3039952501782074e+17,88636272007801968,nan,2217218661163.2046,nan,3952073898828939,nan,0
30,225.46359252929688,3.6065337657845882e+17,75737209081476352,2.8130963373119789e+17,146064617514275.81,8.1256412135815983e-06,2930539940543.2891,0.017332028597593307,2.8170802898417315e+17,75573806468595216,nan,1890463596597.4773,nan,3369650662093854,nan,0
31,227.54940795898438,3.0778056902690266e+17,64633919495649552,2.4006884384098406e+17,124651130455895.56,8.1822636635167659e-06,2518341766285.3394,0.014791103079915047,2.404088314508841e+17,64494474003703288,nan,1613316297653.7476,nan,2875650256017631,nan,0
32,229.75454711914062,2.6292516982270765e+17,55214285662768608,2.0508163246171197e+17,106484693778196.59,8.1626016131632065e-06,2146153415336.0435,0.012635475024580956,2.0537206934343878e+17,55095164343805656,nan,1378194394707.9187,nan,2456557941068484.5,nan,0
33,232.11968994140625,2.2480922548894934e+17,47209937352679360,1.7535119588138048e+17,91047736323024.484,8.1429868108867088e-06,1830618558122.1707,0.010803724639117718,1.7559952881162982e+17,47108084447859616,nan,1178399250606.719,nan,2100433830209325.5,nan,0
34,234.9169921875,1.9220354327723066e+17,40362744088218440,1.499187637562399e+17,77842435027278.406,8.1234191431497331e-06,1561349942839.4636,0.0092367837205529213,1.5013107844369888e+17,40275664445976576,nan,1007487589772.4272,nan,1795792899965429.2,nan,0
35,238.12898254394531,1.6437359448241142e+17,34518454841306396,1.2821140369628091e+17,66571305765376.625,8.1038984966875757e-06,1332066925221.1472,0.0078993514180183411,1.2839297766151739e+17,34443982561892104,nan,861609334801.4325,nan,1535772649667101.2,nan,0
36,241.67977905273438,1.4069138543619525e+17,29545190941601000,1.097392806402323e+17,56980011101659.07,7.8889086540951932e-06,1109901488124.2432,0.0067612477578222752,1.0989469439367221e+17,29481448118094044,nan,737472479160.69678,nan,1314505451949831.2,nan,0
37,245.48530578613281,1.2058409403673605e+17,25322659747714568,94055593348654128,48836558084878.094,7.6327636224325572e-06,920389886407.58557,0.0057949470356106758,94188796017184064,25268026673714096,nan,632074600192.14746,nan,1126639271237698.8,nan,0
38,249.450927734375,1.0353885238480008e+17,21743159000808016,80760304860144064,41933235215844.031,7.3849353656398229e-06,764627732694.27124,0.0049757980741560459,80874678337999104,21696248830844320,nan,542727323246.39539,nan,967382488633414,nan,0
39,253.46873474121094,89104172532554000,18711876231836340,69501254575392120,36087189875684.367,7.1451538462941155e-06,636663021091.83264,0.0042821061797440052,69599682483696448,18671506346212636,nan,467063983904.39117,nan,832516638661014.38,nan,0
40,257.41677856445312,76886199821002304,16146101962410484,59971235860381800,31138910927505.93,6.9131577948195613e-06,531526431606.61646,0.003694942919537425,60056167563730416,16111267378947760,nan,403020111646.03186,nan,718361858212473.25,nan,0
41,261.157958984375,66544962276534488,13974442078072242,51905070575696904,26950709721996.465,6.5185770830944845e-06,433778466091.20471,0.003197971498593688,51978578826073104,13944292864244034,nan,348813673000.59955,nan,621741772544355,nan,0
42,264.54159545898438,57788778799694640,12135643547935874,45075247463761824,23404455413876.328,5.9901899069992035e-06,346165759503.74036,0.002777172951027751,45139083669175472,12109461073858698,nan,302915728330.19495,nan,539931140932147.06,nan,0
43,267.40573120117188,50368578900078520,10577401569016488,39287491542061248,20399274454531.801,5.5046330916257452e-06,277260546191.53448,0.0024205781519412994,39343131092734736,10554580917610058,nan,264020727835.91833,nan,470602869005894,nan,0
44,269.58193969726562,44072646756819872,9255255818932172,34376664470319500,17849421936512.047,5.0584348649808565e-06,222938612946.68311,0.0021180124022066593,34425348918433856,9235287998518844,nan,231018869148.35251,nan,411778820998017.56,nan,0
45,270.90255737304688,38721167155052720,8131445102561071,30202510380941124,15682072697796.352,4.6484048722849268e-06,179991662064.10614,0.0018608347745612264,30245283384694032,8113901824402752,nan,202967630284.32486,nan,361778978325648.12,nan,0
46,271.2510986328125,34156685369210532,7172903927534211,26642214587984216,13833457574530.266,4.2716113646674332e-06,145904085402.48956,0.0016414782730862498,26679945689291396,7157428461441713,nan,179041638788.62848,nan,319132176838635.25,nan,0
47,270.69668579101562,30230404220948084,6348384886399097,23579715292339508,12243313709483.973,3.9050530224873821e-06,118051331374.02863,0.0014527916209772229,23613109184842584,6334688363515534,nan,158460962960.04813,nan,282448211627005.19,nan,0
48,269.36737060546875,26821826508626792,5632583566811626,20921024676728900,10862839735993.85,3.5653239036972254e-06,95628499192.026993,0.0012889845529571176,20950653142735184,5620431536363409,nan,140593967728.16486,nan,250601235560473.28,nan,0
49,267.40090942382812,23837419683084560,5005858133447757,18593187352805956,9654154971649.2461,3.2551503052775509e-06,77594383958.421799,0.001145562157034874,18619519043914084,4995058314407022,nan,124950373986.20569,nan,222717374389469.31,nan,0
50,264.9381103515625,21204504413317356,4452945926796644.5,16539513442387538,8587824287393.5283,2.9719609763815629e-06,63018959639.889809,0.0010190311586484313,16562936763276466,4443338931081488,nan,111149226724.95001,nan,198117569732678.78,nan,0
51,262.11712646484375,18866587179101300,3961983307611273,14715937999699014,7640967807536.0264,2.713408358076339e-06,51192755340.149368,0.00090667721815407276,14736778905773446,3953435393291288.5,nan,98894396539.273209,nan,176273985640025.03,nan,0
52,259.06961059570312,16779517677621080,3523698712300426.5,13088023788544442,6795704659436.5371,2.4808373061845397e-06,41627253434.425346,0.00080637831706553698,13106559157258432,3516096462976874,nan,87954444821.463043,nan,156774102940952.56,nan,0
53,255.91787719726562,14908844185108226,3130857278872727.5,11628898464384416,6038081894968.8311,2.2971060107698466e-06,34247195591.243183,0.00071647879667580128,11645367384057982,3124102588460592.5,nan,78148793966.526459,nan,139296063795685.75,nan,0
54,252.77398681640625,13227440675134750,2777762541778297.5,10317403726605106,5357113473429.5732,2.1269818909771129e-06,28134526779.985691,0.00063567509641870856,10332015275825222,2771769664062749.5,nan,69335259082.12941,nan,123586399987696.66,nan,0
55,249.73939514160156,11713753536972074,2459888242764135.5,9136727758838218,4744070182473.6895,1.9694571967222295e-06,23069736204.020123,0.00056293141096830368,9149667251253136,2454581142307045.5,nan,61400852463.615997,nan,109443742559427.88,nan,0
56,246.88813781738281,10351125020574348,2173736254320613,8073877516047992,4192205633332.6108,1.823598812089147e-06,18876299291.30563,0.0004974471521563828,8085311848068298,2169046452007291.8,nan,54258261720.825851,nan,96712462237037.484,nan,0
57,244.21795654296875,9127968376488566,1916873359062598.8,7119815333661082,3696827192477.8691,1.6885427279087879e-06,15412964622.701153,0.00043866553460247815,7129898519869551,1912737730751870.5,nan,47846751721.226234,nan,85284279115422.109,nan,0
58,241.70986938476562,8033559378273501,1687047469437435.2,6266176315053331,3253591548200.7676,1.5819809787268141e-06,12708938127.901089,0.00038607115857303143,6275050571349987,1683407682326723.8,nan,42110105637.879807,nan,75059014491151.797,nan,0
59,239.346435546875,7057292828850068,1482031494058514.2,5504688406503053,2858203595684.2773,1.5233703777414349e-06,10750870842.517248,0.00033915447420440614,5512484193945012,1478834061790721,nan,36992738004.041725,nan,65937580376331.383,nan,0
60,237.11175537109375,6188850214895462,1299658545128047,4827303167618461,2506484337032.6621,1.4669312330466569e-06,9078617676.8776684,0.00029741943581029773,4834139633171493,1296854578372771,nan,32440555854.102528,nan,57823562795344.461,nan,0
61,234.99098205566406,5418334041501642,1137850148715344.8,4226300552371281,2194425286808.1648,1.4125830946497697e-06,7653847068.1905832,0.00026039051590487361,4232285897319094.5,1135395254075725.5,nan,28401684573.061119,nan,50624488422248.547,nan,0
62,232.97055053710938,4736349939715816,994633487340321.38,3694352952978336.5,1918221725584.9053,1.3602484931390478e-06,6442612868.4776583,0.00022761618311051279,3699584933744970,992487593649958.25,nan,24826878065.901566,nan,44252585442821.539,nan,0
63,231.03775024414062,4132963297009323.5,867922292371957.88,3223711371667272.5,1673850135288.7759,1.309852829256604e-06,5413573667.8013649,0.00019861289183609188,3229221107363047.5,865099478277598.12,nan,21683745836.761086,nan,38621027622841.219,nan,0
64,229.18069458007812,3600405696576649,756085196281096.25,2808316443329786.5,1458164307113.5427,1.26701486797592e-06,4561767548.3078127,0.00017300958279520273,2814762996430465.5,751968844531818.75,nan,18923990978.39616,nan,33654931623386.281,nan,0
65,227.38833618164062,3132284042022100.5,657779648824641.12,2443181552777238.5,1268575037018.9507,1.226957895992684e-06,3843180637.8508964,0.00015050562797114253,2450224191142541.5,652755107690800.25,nan,16493407782.305792,nan,29288249780976.223,nan,0
66,225.6502685546875,2721556185540221,571526798963446.38,2122813824721372.5,1102230255143.7896,1.1881673345662809e-06,3233664158.8456988,0.00013076204049866647,2130180668698061,565905475861146,nan,14356681953.640448,nan,25455684299060.672,nan,0
67,223.95669555664062,2361802598394185.5,495978545662778.94,1842206026747464.8,956530052349.64502,1.1506031458301631e-06,2717497499.5422034,0.00011346994142513722,1849683113844032.8,490009337197070.62,nan,12481516412.076031,nan,22097665836669.992,nan,0
68,222.29837036132812,2047202458649940.2,429912516316487.44,1596817917746953.5,829116995753.22571,1.1142265577243179e-06,2281047348.4662833,9.834919183049351e-05,1604239748902108,423791715607191.19,nan,10838544318.726143,nan,19160155596322.242,nan,0
69,220.66667175292969,1772503614588710.5,372225759063629.19,1382552819379194.2,717863963908.42773,1.0771569007643333e-06,1909264500.0839536,8.5147104982752353e-05,1389794237982909,366105600561411.75,nan,9401200227.1231995,nan,16594374844162.768,nan,0
70,219.05337524414062,1532983519964030.8,321926539192446.44,1195727145571944,620858325585.43237,1.0401343514794672e-06,1594508819.366498,7.3636460001580417e-05,1202696132113475.8,315922799154180.38,nan,8145525735.948288,nan,14356443170638.658,nan,0
71,217.4508056640625,1324416357368193.5,278127435047320.62,1033044758747191,536388624734.11835,1.0043842901251708e-06,1330222982.9254174,6.3613981183152646e-05,1039676310545546.2,272325914067652.81,nan,7050033123.81952,nan,12407082721870.871,nan,0
72,215.85166931152344,1143031179617352,240036547719643.91,891564320101534.62,462927627745.02753,9.6986298050378088e-07,1108583626.6724374,5.4898289818083867e-05,897815385189421.88,234498474355321.72,nan,6095498117.1199999,nan,10711224574491.492,nan,0
73,214.27980041503906,982109680044676.75,206243032809382.12,766045550434847.88,397754420418.09406,9.3652818965781461e-07,919773400.69765663,4.7166769945761189e-05,771820711689267.88,201078844817349.28,8572236.2019839995,5248211665.027072,5.185890067265244e-23,9204866706403.4922,47754.833919999997,0
74,212.9005126953125,845140419465793.88,177479488087816.72,659209527183319.25,342281869883.64648,8.2894910760483072e-07,700578396.51694214,4.0586564864497632e-05,664499369619075.62,172715279917286.16,22147573.481472,4527863508.2383356,1.6357909771613776e-11,7921219866323.8447,52026.560511999996,0
75,211.70915222167969,725989728244736.88,152457842931394.75,566271988030894.75,294025839939.11841,7.1793316833248984e-07,521212105.77558726,3.4862565371440724e-05,571112657377176.88,148068838375291.88,55970411.577344,3900983503.4869757,0.00033171343994140625,6804275481689.4561,56663.551999999996,0
76,210.67144775390625,622700330027400.12,130767069305754.02,485706257421372.12,252193633661.09705,6.2178489543369714e-07,387185659.59261566,2.990070242958609e-05,490132658421242,126728425987880.52,137356862.55411199,3357326543.159296,12.507664,5835750873153.667,61705.830399999999,0
77,209.7552490234375,533431321662553,112020577549136.12,416076430896791.38,216039685273.33395,5.3851315587977435e-07,287259784.47362047,2.5612502213334665e-05,420121774492093.5,108307885475284.12,325237505.78585601,2887252841.5948801,8527.6349439999995,4998449129102.2461,67198.054399999994,0
78,208.92984008789062,456478806536308.94,95860549372624.875,356053469098321,184873916647.20511,4.583592744855772e-07,209231294.58202472,2.1916075638728216e-05,359749086346727.12,92450051480335.938,738939392.49151993,2481835846.139904,463798.59967999998,4276447397019.6479,73189.023743999991,0
79,208.16580200195312,390290401425599.06,81960984299375.797,304426513111967.25,158067612577.36761,3.6394013606132119e-07,142042341.79826018,1.8736824131337926e-05,307801542388636.19,78829881977586.312,1603694617.427968,2132945317.920768,5192632.2380799996,3655235147076.2065,79732.752383999992,0
80,207.43473815917969,333467708439082.88,70028218772207.398,260104812582484.66,135054421917.82855,2.8897074851378571e-07,96362413.312818632,1.6007530575734563e-05,263186104914509.03,67154700165860.812,3313203538.8211198,1833250955.7227519,21754481.213439997,3121735062849.0605,86888.218624000001,0
81,206.70912170410156,284761256747209.94,59799863916914.086,222113780262823.75,115328308982.62003,2.2944458503622628e-07,65336928.388757877,1.3668144674738869e-05,224925633542694.62,57163240092167.305,6500668688.8263674,1576200921.1535358,49561062.080511995,2664256586955.8823,94720.147455999992,0
82,205.96218872070312,243065923192328.03,51043843870388.883,189591420090015.88,98441698892.892853,1.8218043823883646e-07,44281856.408105686,1.1665540114336181e-05,192155437144737.84,48624498761556.555,12096537018.499071,1355998618.9762559,77483827.265535995,2272457163269.9966,103298.90815999999,0
83,205.16810607910156,207410880707333.25,43556284948539.984,161780486951719.94,84001406686.469955,2.0043111665830353e-07,41571594.427252986,9.9530407169368118e-06,164115392546031.53,41335642666982.961,21338915797.467136,1167547802.0587521,96049460.936703995,1937242868557.021,112701.24339199999,0
84,204.30183410644531,176947023465686.44,37158874927794.148,138018678303235.42,71663544503.602997,2.5358944973162259e-07,44871898.312311932,8.4898147179046646e-06,140140216046934.03,35119342573118.816,35699645757.784065,1006388952.170496,103250258.82111999,1650655437655.1138,123009.728512,0
85,203.33953857421875,150936585896166.81,31696683038195.031,117730536999010.12,61129317287.947556,3.2084643386395497e-07,48427465.324385643,7.2403827289235778e-06,119651529346863.06,29821605279424.312,56704000782.761978,868645190.23820794,101746189.79532799,1405776743402.3076,134314.34444799999,0
86,202.25837707519531,128740326978038.5,27035468665388.086,100417455042870.03,52139832426.105591,4.0594131274847075e-07,52261017.337132312,6.1739992816001177e-06,102148087084948.12,25309128195171.156,85654584323.73555,750956845.20345592,95136025.41158399,1196610874014.4331,146710.42969600001,0
87,201.03726196289062,109806720024653.8,23059411205177.297,85649241619229.969,44471721609.984787,5.1646053687633091e-07,56710837.57656166,5.2641503316408489e-06,87197596473519.766,21467087122047.434,123311130998.21056,650427162.95167994,86235049.623551995,1017988475573.502,160302.317568,0
88,199.65658569335938,93660220126723.375,19668646226611.906,73054971698844.234,37932389151.322968,6.718037969074377e-07,62921291.500319175,4.4879889173898846e-06,74427789263692.094,18196726124669.566,169605372301.01709,564560968.81049597,76798234.722304001,865457831657.07874,175200.09216,0
89,198.09886169433594,79892070361353.375,16777334775884.209,62315814881855.633,32356288496.348114,8.7387188238802608e-07,69815433.914552495,3.825899966614088e-06,63519380472898.516,15413450977419.723,223478504304.41061,491218865.75001597,67764609.875967994,735201231735.09521,191520.01433599999,0
90,196.34893798828125,68151343755478.133,14311782188650.408,53158048129272.945,27601294220.968643,1.1367188907591264e-06,77468919.877471015,3.2610671496513532e-06,54199057898752.961,13044951198585.586,282893810566.95502,428569754.86156797,59560630.943743996,623952507797.76611,209389.060096,0
91,194.41694641113281,58130517873790.664,12207408753496.039,45341803941556.719,23542859738.88522,1.4786261723831424e-06,85953305.142372936,2.7787796170741785e-06,46227972431330.406,11028264354314.189,344994072684.92084,375008593.44486398,52319991.365631998,528859457963.16364,228913.16838399999,0
92,192.40278625488281,49549654590143.633,10405427463930.162,38648730580312.031,20067610109.008171,1.7177303407890747e-06,85112945.065108359,2.3656668872718001e-06,39389010106563.688,9306641350961.1348,406289406392.00867,329058617.393152,46015805.652991995,447338401704.70605,250099.05664,0
93,190.42082214355469,42181843262156.742,8858187085052.916,32901837744482.262,17083646521.173479,1.9011001350997729e-06,80191907.924443632,2.0109084744035499e-06,33506801018845.789,7834261690706.2969,463144328030.58484,289520255.76243198,40563831.209983997,377305867566.9729,272920.117248,0
94,188.57623291015625,35846306114378.492,7527724284019.4834,27960118769215.227,14517753976.323288,2.1040448770417212e-06,75422236.740827397,1.7058924868251779e-06,28442032646890.977,6574606744100.5361,512266006433.89026,255437744.11161599,35864088.412160002,317109117774.7251,297345.8432,0
95,186.966064453125,30396927313490.477,6383354735833,23709603304522.574,12310755561.963642,2.3286542159827711e-06,70783932.941481441,1.4436550372920465e-06,24082110601968.484,5498053468868.3125,551091239479.41064,226036444.82355198,31817130.31168,265413826248.17969,323350.95398399996,0
96,185.6815185546875,25713189805669.086,5399769859190.5078,20056288048421.887,10413841871.295979,2.5455676349492871e-06,65454663.760619178,1.2184414117655251e-06,20333835880461.5,4579990121855.582,578018416682.59839,200673371.09503999,28330600.431615997,221116031773.44205,350924.43955199997,0
97,184.81080627441406,21693965999239.922,4555732859840.3838,16921293479407.139,8786056229.6921673,2.7035438232008826e-06,58650587.777975053,1.0254050266667036e-06,17118452663495.688,3799547972367.1548,592478437696.86426,178803347.29216,25321485.1072,183282420777.22214,380070.592512,0
98,184.44305419921875,18252971450039.988,3833124004508.3975,14237317731031.191,7392453437.2661953,2.8713239057634619e-06,52410193.27571778,8.603924470662605e-07,14368127680707.035,3138707124335.4111,594845892389.89612,159955638.28838399,22716436.447232001,151107669711.65082,410821.26335999998,0
99,184.67283630371094,15315403241027.078,3216234680615.6865,11946014528001.121,6202738312.6159658,3.0495163056197841e-06,46704571.910654165,7.1978530513661099e-07,12023445522753.781,2581664297134.3257,586244962681.61841,143716266.27891201,20451256.434687998,123883847707.26297,443227.37356799998,0
100,185.60606384277344,12815680972782.109,2691293004284.2427,9996231158770.0449,5190350793.9767542,3.1901806551266033e-06,40884337.521643572,6.003978114677011e-07,10031823145549.168,2114429717128.9373,568298390295.6748,129717466.30041599,18470127.271935999,100981054860.42726,477354.328064,0
101,187.33598327636719,10697477944353.49,2246470368314.2329,8344032796595.7227,4332478567.4631634,3.1415340524013579e-06,33606491.236998968,4.9948079094974673e-07,8347718777470.7139,1724818184143.3723,542959010962.21082,117644447.44908799,16726767.960064,81847087225.896957,513335.885824,0
102,189.85218811035156,8915086815061.541,1872168231162.9236,6953767715748.002,3610610160.0999241,3.093629254674812e-06,27579973.379040077,4.1478776324765931e-07,6933829837278.6748,1402619083446.2883,512498518783.42651,107261372.39961599,15187901.939711999,66016374643.75296,551635.05868799996,0
103,193.12730407714844,7424708916784.4619,1559188872524.7371,5791272955091.8809,3007007111.2977071,3.0464549502699755e-06,22619041.233851653,3.4416842709106277e-07,5754398557570.334,1138170250450.1738,478989080860.81946,98347033.559039995,13824679.739391999,53038263375.495163,592814.34214399999,0
104,197.14341735839844,6184508033331.7568,1298746686999.6689,4823916265998.7705,2504725753.4993615,3.0000000000000001e-06,18553524.09999527,2.8557599307532655e-07,4775362068117.1924,922434318050.00085,444125456929.65271,90689694.072832003,12611411.247104,42482251669.176315,637460.41446399991,0
105,201.88893127441406,5156165321195.7148,1082794717451.1001,4021808950532.6577,2088246955.0842645,2.3883173542333874e-06,12314559.117908094,2.371414495883073e-07,3965620132771.7905,747280466477.84241,409214485279.01489,84096122.355711997,11525992.480767999,33953928383.037437,686169.19449599995,0
106,207.35504150390625,4305595608838.438,904175077856.0719,3358364574893.9819,1743766221.5795672,1.9013532615107885e-06,8186458.2536114929,1.9720737043371628e-07,3297598924054.8555,605595542696.75513,375208652216.20532,78395517.960191995,10549939.142656,27102804858.372093,739555.14777599997,0
107,213.53219604492188,3603164038178.3413,756664448017.45166,2810467949779.1064,1459281435.4622281,1.5136783303314888e-06,5454031.325220257,1.6433685345873528e-07,2747401106492.4897,491292856493.80145,342761308166.29144,73440987.971583992,9668091.969535999,21624859687.649281,798258.167808,4.6906166177304368e-39
108,220.40594482421875,3023525001869.3281,634940250392.55884,2358349501458.0762,1224527625.7570779,1.2050480750192371e-06,3643492.983275169,1.3730436876357999e-07,2294648194136.5391,399249164719.8822,312287450049.28204,69108527.792127997,8868178.4279040005,17261353303.539711,862953.86521600001,2.0674124444522062e-38
109,227.95231628417969,2545276873221.3408,534508143376.48157,1985315961112.646,1030837133.6546429,9.5934574341799328e-07,2441800.5341451527,1.150779809222513e-07,1922177772550.0947,325208567101.52191,284020638186.73358,65295498.60864,8140362.87488,13795525149.065216,934372.44211199996,7.2423576405079835e-38
110,236.13177490234375,2150540724170.0637,451613552075.71338,1677421764852.6497,870968993.28887582,7.6374069590504106e-07,1642455.4692497754,9.679785506477856e-08,1615684508261.0237,265674169985.79404,258063333318.45938,61918358.274048001,7476822.4092159998,11048304079.011839,1013345.0915839999,2.3593081453630847e-37
111,244.901611328125,1824353554107.7278,383114246362.6228,1422995772204.0278,738863189.41362977,6.0801838605476432e-07,1109240.5035618539,8.1746676983129873e-08,1363225505968.4229,217780233753.85394,234408268359.79468,58907393.261567995,6870967.2550399993,8872666920.3865604,1100744.753152,7.3867590105954815e-37
112,254.27684020996094,1553964813184.9255,326332610768.83435,1212092554284.2419,629355749.33989477,4.8404695436918949e-07,752191.93501904968,6.9316264728058741e-08,1154665467487.4531,179161571455.40198,212926353773.69086,56196107.075583994,6316241.7151999995,7147710880.6778879,1197238.9109759999,2.2641241830171149e-36
113,264.28857421875,1329019326433.9844,279094058551.13672,1036635074618.5078,538252827.2057637,3.853525804612505e-07,512141.02692420891,5.9014066522422581e-08,981788223460.08167,147934015297.4213,193458710129.93433,53729118.126079999,5807060.0253440002,5777537930.1007357,1303438.29504,6.7502701029868133e-36
114,274.9664306640625,1141205847433.0193,239653227960.93405,890140560997.75513,462188368.21037281,3.067814184714073e-07,350100.7486433661,5.044558193390003e-08,838006393565.87207,122609281802.4366,175845100788.64587,51462654.656512,5338869.7927679997,4686849775.7634554,1419975.852032,1.9539102458238135e-35
115,286.33718872070312,983838262825.97571,206606035193.4549,767393845004.26111,398454496.44452012,2.4423046189719899e-07,240283.27336212591,4.3294154039585919e-08,718025898036.55981,102010275053.43692,159929704336.32666,49362436.620288,4907913.4453759994,3816567531.896832,1547517.689856,5.4842076928235007e-35
116,298.42288208007812,851523328718.79883,178819899030.94775,664188196400.66309,344866948.13111353,1.9443328352717205e-07,165564.47680278355,3.7304946687299889e-08,617580700475.85071,85204342902.095871,145564327221.39545,47401893.101567999,4511033.1965439999,3120358433.4888959,1686759.66976,1.4880605029929404e-34
117,311.23895263671875,739895673177.37476,155378091367.24869,577118625078.35229,299657747.63683677,1.5478946176284182e-07,114528.05301178136,3.2272183148052136e-08,533221323669.76611,71450942792.269821,132610001482.0229,45560769.806336001,4145533.6816639998,2561860482.1053438,1838447.7224959999,3.8869878879951226e-34
118,324.79104614257812,645414222303.3302,135536986683.69934,503423093396.5976,261392760.03284872,1.2322878592688011e-07,79533.611034380883,2.8029354837144638e-08,462152843420.23779,60161037139.181564,120938170157.10515,43824013.377535999,3809079.7219839999,2112535096.4592638,2003397.246976,9.7221983594837627e-34
119,339.07174682617188,565197138183.8479,118691399018.60805,440853767783.40137,228904840.96445838,9.8103149323426216e-08,55447.619244423193,2.4441298762667429e-08,402103496905.58875,50865014218.686462,110430807545.34808,42180747.984895997,3499609.0306559997,1749956641.685504,2182515.5235839998,2.3134771233765017e-33
120,354.05645751953125,496892212375.71582,104347364598.90031,387575925653.05835,201241346.01216489,7.8100484678029387e-08,38807.522619281721,2.1397983829274381e-08,351221500386.21387,43187622738.132988,100980393435.46367,40623520.350207999,3215278.7353599998,1456480184.172544,2376832.6471679998,5.2086120529771703e-33
121,369.6983642578125,438574162632.76953,92100574152.881592,342087846853.56024,177622535.86627164,6.217624764352543e-08,27268.895745906873,1.8809593882451736e-08,307993513545.43304,36828309476.081665,92489449249.701889,39147616.075775996,2954417.1438079998,1218200767.2995839,2587561.0337279998,1.1123530409295181e-32
122,385.92266845703125,388662347204.39502,81619092912.922958,303156630819.4281,157408250.61777997,4.9498870422714827e-08,19238.347162458551,1.6602585972691486e-08,271179098288.55399,31545744515.137535,84870082777.317368,37750547.939328,2715494.1214719997,1024139448.025088,2816133.3002239997,2.3318766876931995e-32
123,402.62100219726562,345855066584.90778,72629563982.830627,269766951936.22809,140071301.96688765,3.9406337081839834e-08,13628.881335307036,1.4716579066487157e-08,239758595019.76779,27145638567.215103,78043232260.325378,36431573.549056001,2497090.4207359999,865607775.94470394,3064297.684992,5.3866898526854315e-32
124,419.8876953125,308923374470.43079,64873908638.790466,240960232086.93604,125113966.66052446,3.1371612906442839e-08,9691.4245216384406,1.3095348805336471e-08,212787368631.99231,23459815745.388542,71900076112.347137,35179183.734784,2297189.1056639999,735305111.96159995,3332495.9006719999,1.5492074469466786e-31
125,436.594970703125,277592542741.00433,58294433975.610909,216522183337.9834,112424979.81010675,2.4975122511583174e-08,6932.9077632584713,1.1723805926067143e-08,189990266340.37656,20406968023.777279,66526114247.344124,34042156.154880002,2117377.1960319998,629404170.45299196,3630425.7023999998,4.5381535921367131e-31
126,452.88427734375,250725582268.66174,52652372276.418961,195565954169.55615,101543860.818808,1.9882839506173004e-08,4985.1365123395772,1.0550993856384139e-08,170515647669.73132,17852454620.102654,61776202540.515327,32998172.91776,1954839.1342079998,542365618.01215994,3958808.2483199998,1.3107493892251132e-30
127,468.76617431640625,227517164161.20422,47778604473.852882,177463388045.73929,92144451.485287711,1.5828843548010053e-08,3601.3335959946216,9.5406873512615675e-09,153756341683.35565,15699099751.809023,57553321975.611389,32034865.020927999,1807521.021952,470239091.35974395,4319273.0255359998,3.7335078760250686e-30
128,484.2509765625,207335315537.91995,43540416262.963188,161721546119.57758,83970802.792857572,1.2601433914385861e-08,2612.7222768694382,8.6645144392605289e-09,139236904091.51691,13871668476.772352,53779196773.66272,31142185.009151999,1673687.2038399999,410016838.32012796,4713485.4348799996,1.0489567864840652e-29
129,499.34869384765625,189678469082.90662,39832478507.410385,147949205884.66718,76819779.978577182,1.0032074435317637e-08,1902.8685206168143,7.8999971009352521e-09,126580855240.91699,12311263908.462591,50389960770.977791,30311844.937727999,1551856.4351999999,359382328.01689601,5143133.1594239995,2.9073512838131081e-29
130,514.0692138671875,174144468893.56494,36570338467.648636,135832685736.98065,70528509.901893795,7.9865924909434193e-09,1390.8209076046755,7.2291452823947111e-09,115487023434.82573,10971311421.521919,47333013503.082497,29536966.148095999,1440751.8126079999,316532949.25414401,5609866.9199359994,7.9510243581199285e-29
131,528.4219970703125,160408033643.33157,33685687065.099628,125118266241.79863,64965253.625549287,6.3581724824367406e-09,1019.9019454728177,6.6374350460307596e-09,105712373653.83168,9814648811.4216957,44564692332.445694,28811754.209279999,1339269.44768,280052503.67487997,6115318.3006719993,2.1459043678993576e-28
132,542.41632080078125,148203642745.12689,31122764976.476646,115598841341.19897,60022475.311776385,5.0617778936709463e-09,750.17392260878978,6.1130318584901033e-09,97058959445.196793,8811353041.0106869,42048472857.182205,28131285.008384001,1246444.7815679999,248818645.86035198,6661026.0869119996,5.71661572888878e-28
133,556.061279296875,137312810777.44437,28835690263.263317,107103992406.40662,55611688.364864968,4.0297106622430795e-09,553.33089765243403,5.6462177155935933e-09,89364319375.98259,7937151102.6155519,39753504327.204865,27491322.298367999,1161431.0891519999,221934784.610304,7248433.6435199995,1.5034138899605906e-27
134,569.36572265625,127554580340.40831,26786461871.485744,99492572665.518478,51659605.037865363,3.2080759690581531e-09,409.20478393336145,5.2289546026429434e-09,82494166998.712311,7172209911.0051832,37653673341.353981,26888212.840448,1083480.604672,198679516.41395199,7878879.4777599992,3.903957660816791e-27
135,582.338134765625,118778057355.10014,24943392044.57103,92646884736.978119,48105113.228815556,2.553967836866892e-09,303.35533821045675,4.8545532038701822e-09,76336824573.755386,6500229528.420352,35726650364.657661,26318768.963583998,1011931.6111359999,178468641.83295998,8553545.8590719998,1.0011253862629921e-26
136,594.987060546875,110856467497.22214,23279858174.416649,86468044647.833267,44896869.336374961,2.0332285689810335e-09,225.39653677166942,4.5174051166441131e-09,70798648929.15712,5907700672.1023998,33953292727.877632,25780161.609727997,946193.69471999991,160825352.38860798,9273460.3919360004,2.5357010035898523e-26
137,607.320556640625,103682841604.25983,21773396736.894562,80872616451.322662,41991550.849725224,1.6186650254735055e-09,167.82778944652466,4.2127843435935119e-09,65800831710.003197,5383395223.79776,32317060511.956989,25269920.333823998,885740.53580800002,145359057.71520001,10039439.917056,6.3448785488303412e-26
138,619.3465576171875,97166388280.295425,20404941538.862038,75789782858.630432,39352387.253519647,1.288628590343e-09,125.2113859583577,3.93668830867e-09,61276624829.546494,4917913647.5791359,30803634295.930878,24785828.446208,830099.81644799991,131747475.881984,10852103.094271999,1.5685708341099717e-25
139,631.072998046875,91229506170.519547,19158196295.809105,71159014813.005249,36947949.999060415,1.025884675159164e-09,93.590952302674395,3.6857001894929908e-09,57169102791.245819,4503347834.9127674,29400515724.967934,24325910.429695997,778846.86335999996,119723228.39756799,11711833.702399999,3.8319508937915828e-25
140,642.5072021484375,85805889667.989502,18019236830.277794,66928593941.031815,34751385.315535747,8.1671272437490396e-10,70.078761918156133,3.4569067608458681e-09,53429723874.721786,4133022601.3143039,28096840679.292927,23888377.413631998,731599.60166399996,109063757.103104,12618778.54208,9.2520999374184006e-25
141,653.6566162109375,80838200175.296524,16976022036.812269,63053796136.731293,32739471.070995089,6.5018972434927058e-10,52.560167088867203,3.2477927014440411e-09,50016607853.871101,3801269663.6948481,26883007759.515648,23471622.979583997,688012.32895999996,99582457.413631991,13572805.492735999,2.2081652626552078e-24
142,664.52850341796875,76276957633.904617,16018161103.119968,59496026954.445602,30892167.841731369,5.1761980073586158e-10,39.482463611199464,3.0561910779880463e-09,46893689888.309242,3503259599.7655039,25750590239.801342,23074195.898367997,647772.56959999993,91122412.027903989,14573525.532671999,5.2102663354546304e-24
143,675.1297607421875,72079174866.436096,15136626721.95158,56221756395.82016,29192065.820906617,4.120801176640952e-10,29.702394860091879,2.8802218388079837e-09,44029698321.154045,3234863603.7775359,24692136351.891457,22694766.575615998,610597.20806400001,83550997.05343999,15620228.775936,1.2155934434988362e-23
144,685.46728515625,68207395758.473198,14323553109.279371,53201768691.609093,27623995.282181643,3.2805936545056349e-10,22.376074971560172,2.71825006947779e-09,41397428829.552635,2992537522.405376,23701053320.986622,22332133.343231998,576229.01555200003,76755738.034175992,16711985.135615999,2.8046683634243475e-23
145,695.547607421875,64628823883.382782,13572053015.510384,50410482629.038574,26174673.672770027,2.6116995857479114e-10,16.879107256360552,2.5688466909201679e-09,38973125949.390846,2773225217.9824638,22771454894.407681,21985186.807808001,544434.42175999994,70640669.294591993,17847531.077631999,6.4003781493115255e-23
146,705.377197265625,61314675433.046013,12876081840.939663,47825446837.775894,24832443.550383635,2.0791891482286278e-10,12.748480778754971,2.4307587054295254e-09,36735963384.250366,2574287433.1054077,21898107654.504448,21652924.530687999,515001.05727999995,65123737.665535994,19025297.932287998,1.4448419346000898e-22
147,714.9625244140625,58239611547.615234,12230318424.999199,45426897007.139885,23587042.676784169,1.6552545084827216e-10,9.6401379586472498,2.3028845497208295e-09,34667638130.999298,2393434681.7699838,21076338676.858879,21334406.987776,487735.099392,60134432.702463999,20243483.197439998,3.2270089170926924e-22
148,724.30963134765625,55381241899.712509,11630060798.939627,43197368681.775757,22429402.969383564,1.3177576894274462e-10,7.2979057363387625,2.1842536668259527e-09,32752024734.924797,2228675038.6749439,20301938893.520897,21028789.026815999,462460.22348799999,55612016.689151995,21499966.652415998,7.1315118430908165e-22
149,733.4244384765625,52719758484.373505,11071149281.718435,41121411617.811333,21351502.186171267,1.0490745194446906e-10,5.5306955297234284,2.0740076323022549e-09,30974863904.60416,2078275887.1695359,19571148060.622849,20735284.215808,439015.37484800001,51503960.162303999,22792372.223999999,1.5596811528113905e-21
150,742.31292724609375,50237509715.755005,10549877040.30855,39185257578.288902,20346191.434880774,8.3517429355793486e-11,4.1957076686965573,1.9713823906641892e-09,29323470454.128639,1940715198.21824,18880571006.517246,20453164.843008,417253.68729599996,47764591.345663995,24118047.014911998,3.376143943472948e-21
