case,latitude_deg,z_km,species,at_SZA99_cm3,at_SZA85_cm3,at_SZA70_cm3,at_SZA60_cm3,dawn_min_cm3,dawn_max_cm3,common_99_70_min_cm3,common_99_70_max_cm3,common_99_70_change_percent,common_99_70_change_absolute_cm3,final_SZA_deg
equatorial,0.0,60,O3,1502090353.4260528,890493497.7927227,897985327.598667,897589120.4689286,889240297.4736619,1502090353.4260528,889240297.4736619,1502090353.4260528,-40.21762235870224,-604105025.8273858,59.99999999799355
equatorial,0.0,60,Delta,5.291553151206233e-16,4027319897.041229,5649042634.807829,6057638357.904399,4.845359766051286e-16,6057638357.964462,4.845359766051286e-16,5649042634.807829,,5649042634.807829,59.99999999799355
equatorial,0.0,70,O3,245744445.43713728,45766729.45870012,45763989.4572034,46239901.508306816,40333120.93885759,245744445.43714184,40333120.93885759,245744445.43713728,-81.37740636383576,-199980455.97993386,59.99999999799355
equatorial,0.0,70,Delta,2181.5312146441975,1617852428.447397,3257670777.4931555,3529694206.910205,2181.53121428166,3529694206.944324,2181.5312146441975,3257670777.4931555,,3257668595.961941,59.99999999799355
equatorial,0.0,80,O3,6494074.360413641,1278458.3786030766,3449779.1299740495,5501643.0615258515,419722.7527418506,6494074.360413913,419722.7527418506,6494074.360413641,-46.87804699306961,-3044295.230439591,59.99999999799355
equatorial,0.0,80,Delta,6236.611056592315,575488045.2182522,1301527959.4851003,1529995033.581536,6236.611055970503,1529995033.6168587,6236.611056592315,1301527959.4851003,,1301521722.8740437,59.99999999799355
equatorial,0.0,90,O3,962199992.9288375,89210699.73101702,90374689.60906792,90554645.15829992,89193087.49106327,962199992.9290756,89193087.49106327,962199992.9288375,-90.60749425553655,-871825303.3197696,59.99999999799355
equatorial,0.0,90,Delta,28785514.951017875,1834599456.7138674,2466260376.7938724,2649380875.913647,28727461.385597613,2649380875.939795,28727461.385597613,2466260376.7938724,8467.713243937169,2437474861.8428545,59.99999999799355
equatorial,0.0,100,O3,196911172.58273858,5958182.175139876,6647744.138850832,7248192.642051712,5819176.221278204,196911172.58285284,5819176.221278204,196911172.58273858,-96.6239883437505,-190263428.44388774,59.99999999799355
equatorial,0.0,100,Delta,9336442.477279,169563725.29404986,182467432.65188032,209374259.05234984,9329489.584462745,209374259.05867997,9329489.584462745,182467432.65188032,1854.3571665110112,173130990.17460132,59.99999999799355
reference,45.0,60,O3,1140237781.5647929,684746254.2212881,713402603.122899,716853544.1721691,670003141.9916519,1140237781.5647929,670003141.9916519,1140237781.5647929,-37.43387434997385,-426835178.4418938,59.99999999963824
reference,45.0,60,Delta,1.2249553378533206e-13,3866642176.0084352,5604729204.5017185,6005940092.640133,1.1257777967768766e-13,6005940092.651189,1.1257777967768766e-13,5604729204.5017185,,5604729204.5017185,59.99999999963824
reference,45.0,70,O3,171504428.6074794,26786090.902317785,27262749.583648477,28718824.352909785,21535860.125259142,171504428.6074794,21535860.125259142,171504428.6074794,-84.10376349753366,-144241679.02383092,59.99999999963824
reference,45.0,70,Delta,710.3111366199784,1669141332.0014746,3047929601.896096,3247582150.1140194,710.3111366199784,3247582150.119152,710.3111366199784,3047929601.896096,,3047928891.5849595,59.99999999963824
reference,45.0,80,O3,9590900.619764267,992547.3223044702,3109665.5608304585,5113809.229037362,285467.32906609116,9590900.619764267,285467.32906609116,9590900.619764267,-67.57691812151327,-6481235.058933808,59.99999999963824
reference,45.0,80,Delta,7090.442639755041,642615895.806211,1269849836.3501055,1437330839.7529876,7090.442639755041,1437330839.757431,7090.442639755041,1269849836.3501055,,1269842745.9074657,59.99999999963824
reference,45.0,90,O3,502814133.1235743,54113912.649596564,54765011.11690872,52749581.70902061,52749581.708903566,508315400.3236804,53264944.59372935,508315400.3236804,-89.10829916878065,-448049122.0066656,59.99999999963824
reference,45.0,90,Delta,15692319.2179486,1281561458.300203,1692653649.389062,1752259344.3870993,15692319.2179486,1752259344.3872051,15692319.2179486,1692653649.389062,10686.510431504823,1676961330.1711133,59.99999999963824
reference,45.0,100,O3,183402592.62176365,4176289.1574879396,3721477.050633322,3652722.8978252686,3648852.459272898,183402592.62176365,3721477.050633322,183402592.62176365,-97.9708699874771,-179681115.57113034,59.99999999963824
reference,45.0,100,Delta,7506921.542223903,140468287.64303982,134072906.97621393,148861761.63691223,7471136.161768675,161370498.90861398,7471136.161768675,161370498.90861398,1685.99051851147,126565985.43399003,59.99999999963824
high_latitude,70.0,60,O3,699641156.9529295,399063453.7576547,408934799.6802056,,351559681.8007539,699641156.9529295,351559681.8007539,699641156.9529295,-41.550779908204014,-290706357.2727239,69.75517094006922
high_latitude,70.0,60,Delta,6.652200216383847e-12,3235975238.463534,4722348652.856341,,5.375835832975714e-12,4730797253.378176,5.375835832975714e-12,4722348652.856341,,4722348652.856341,69.75517094006922
high_latitude,70.0,70,O3,121109043.55663665,18645514.956073802,19100582.98161558,,13317170.041016418,121109043.55663665,13317170.041016418,121109043.55663665,-84.22860719506616,-102008460.57502106,69.75517094006922
high_latitude,70.0,70,Delta,0.6991704096786894,2014270079.302694,2957285512.0379353,,0.6318358203740622,2961750240.234462,0.6318358203740622,2957285512.0379353,,2957285511.3387647,69.75517094006922
high_latitude,70.0,80,O3,7215521.614384419,1048658.1035380599,3388834.872909535,,182244.66371965938,7215521.614384443,182244.66371965938,7215521.614384419,-53.03409713091618,-3826686.741474884,69.75517094006922
high_latitude,70.0,80,Delta,25617.256239624774,857377260.4612061,1284431093.5546672,,25617.25623962302,1293461531.0329814,25617.256239624774,1284431093.5546672,5013829.210607298,1284405476.2984276,69.75517094006922
high_latitude,70.0,90,O3,293890145.02276266,30151813.26482295,29652481.26084516,,29506617.460784808,293890145.02276486,29506617.460784808,293890145.02276266,-89.91035195870603,-264237663.7619175,69.75517094006922
high_latitude,70.0,90,Delta,9248725.831138736,983183255.1994342,1078505998.7911217,,9211591.402700922,1083229441.1097407,9211591.402700922,1078505998.7911217,11561.130608499532,1069257272.959983,69.75517094006922
high_latitude,70.0,100,O3,159383794.1241698,3328640.5710562277,3577465.1190624465,,3108419.9262013366,159383794.12417397,3108419.9262013366,159383794.1241698,-97.75543985590193,-155806329.00510734,69.75517094006922
high_latitude,70.0,100,Delta,5515442.532868938,115645717.49617961,132812796.0572834,,5491470.768672044,138871046.85407275,5491470.768672044,135391292.3365363,2308.0170406235543,127297353.52441446,69.75517094006922
