z_km,SZA_deg,UTC,O,O3,H,OH,HO2,H2O2,Delta,R_H
60,99.0,2020-03-21T05:16:02.121360+00:00,5.615306873039004,1140237781.5647929,1.3172616152702152,160070.66620019547,322485.90693249245,2474397.1099707275,1.2249553378533206e-13,482556.57313268795
70,99.0,2020-03-21T05:16:02.121360+00:00,10378.027769541903,171504428.6074794,22.914048839444057,612211.6471195202,52854.16563375087,784072.5680332384,710.3111366199784,665065.8127532711
80,99.0,2020-03-21T05:16:02.121360+00:00,207317.56011772636,9590900.619764267,2397.524039914983,486290.5572184992,87199.92437833978,305563.54980342806,7090.442639755041,573490.4815968389
90,99.0,2020-03-21T05:16:02.121360+00:00,239257447025.88422,502814133.1235743,70005201.5697433,39203.12722118382,295.9040568908836,0.010860025301343812,15692319.2179486,39499.031278074704
100,99.0,2020-03-21T05:16:02.121360+00:00,567951227548.8104,183402592.62176365,19254195.879572447,1318.880159310121,1.1126451659220733,2.550584637566326e-07,7506921.542223903,1319.992804476043
60,85.0,2020-03-21T06:35:23.218502+00:00,652115822.4262894,684746254.2212881,1393394.2711628694,25420509.03100005,13576451.301791057,2532673.0165439835,3866642176.0084352,38996960.332791105
70,85.0,2020-03-21T06:35:23.218502+00:00,357282445.7935455,26786090.902317785,5389905.539059061,11686515.50948223,6128890.916060926,738764.6785724377,1669141332.0014746,17815406.425543156
80,85.0,2020-03-21T06:35:23.218502+00:00,213747758.9572534,992547.3223044702,7761321.40753945,1748589.0495217056,817238.4087222381,226211.73701175328,642615895.806211,2565827.4582439438
90,85.0,2020-03-21T06:35:23.218502+00:00,237928369401.46786,54113912.649596564,70768357.89488737,4389.52237382387,296.9962304279267,0.00896236588927265,1281561458.300203,4686.518604251797
100,85.0,2020-03-21T06:35:23.218502+00:00,567588275585.1533,4176289.1574879396,19316605.72029268,33.146003500735,0.9723299025498308,1.9432537013349343e-07,140468287.64303982,34.11833340328483
60,60.0,2020-03-21T09:06:33.217289+00:00,691560642.9057261,716853544.1721691,1472345.253297083,25451932.86213105,13575069.060880218,2709668.05662029,6005940092.640133,39027001.92301127
70,60.0,2020-03-21T09:06:33.217289+00:00,382848931.77366173,28718824.352909785,5888194.884780802,11943710.754656883,6252250.010361481,781319.3974125676,3247582150.1140194,18195960.765018366
80,60.0,2020-03-21T09:06:33.217289+00:00,1148327800.9820065,5113809.229037362,47126060.18795156,1952741.147224584,921951.1435319541,110585.06745436769,1437330839.7529876,2874692.290756538
90,60.0,2020-03-21T09:06:33.217289+00:00,237025696528.5146,52749581.70902061,74990386.7868151,4346.452282362018,299.86601472971137,0.005975401904769082,1752259344.3870993,4646.31829709173
100,60.0,2020-03-21T09:06:33.217289+00:00,568402519553.4191,3652722.8978252686,19564587.64597149,30.161636559094486,0.8763242046331391,1.0394653483516861e-07,148861761.63691223,31.037960763727625
